{
  "name": "+ entropy coding",
  "description": "Full COIN++ with both quantization and entropy coding.",
  "results": {
    "3 steps": {
      "5 bits": {
        "psnr": [
          38.65969467163086,
          43.941932678222656,
          44.38871765136719,
          44.33544921875,
        ],
        "bpp": [
          0.004135420241793573,
          0.008304958988502982,
          0.012719591113104337,
          0.01694824292463957,
        ],
      },
      "6 bits": {
        "psnr": [
          39.715938568115234,
          46.008445739746094,
          46.67927169799805,
          46.562652587890625,
        ],
        "bpp": [
          0.005118058614684764,
          0.010268050115465542,
          0.015679981397545856,
          0.02088354728072162,
        ],
      },
      "7 bits": {
        "psnr": [
          40.034061431884766,
          46.744571685791016,
          47.51585006713867,
          47.354522705078125,
        ],
        "bpp": [
          0.0060950228557494525,
          0.012216569836012983,
          0.018609970203344373,
          0.024777175608464486,
        ],
      },
      "8 bits": {
        "psnr": [
          40.12004852294922,
          46.950225830078125,
          47.74769592285156,
          47.5780143737793,
        ],
        "bpp": [
          0.007069474833023145,
          0.014157504390403268,
          0.021527704985245415,
          0.028652286990253246,
        ],
      },
    },
  }
}
