{
  "name": "Base",
  "description": "COIN++ without quantization and entropy coding.",
  "results": {
    "3 steps": {
      "psnr": [
        40.147193908691406,
        47.05022048950195,
        47.8281135559082,
        47.847190856933594,
      ],
      "bpp": [
        0.030917874396135265,
        0.06183574879227053,
        0.0927536231884058,
        0.12367149758454106,
      ],
    },
    "10 steps": {
      "psnr": [
        40.038978576660156,
        47.089935302734375,
        47.871063232421875,
        47.94173812866211,
      ],
      "bpp": [
        0.030917874396135265,
        0.06183574879227053,
        0.0927536231884058,
        0.12367149758454106,
      ],
    },
    }
  }
}
