{
  "name": "+ quantization",
  "description": "COIN++ with quantization and without entropy coding.",
  "results": {
    "3 steps": {
      "5 bits": {
        "psnr": [
          38.65969467163086,
          43.941932678222656,
          44.38871765136719,
          44.33544921875,
        ],
        "bpp": [
          0.004830917874396135,
          0.00966183574879227,
          0.014492753623188404,
          0.01932367149758454,
        ],
      },
      "6 bits": {
        "psnr": [
          39.715938568115234,
          46.008445739746094,
          46.67927169799805,
          46.562652587890625,
        ],
        "bpp": [
          0.005797101449275362,
          0.011594202898550725,
          0.017391304347826087,
          0.02318840579710145,
        ],
      },
      "7 bits": {
        "psnr": [
          40.034061431884766,
          46.744571685791016,
          47.51585006713867,
          47.354522705078125,
        ],
        "bpp": [
          0.006763285024154589,
          0.013526570048309178,
          0.020289855072463767,
          0.027053140096618356,
        ],
      },
      "8 bits": {
        "psnr": [
          40.12004852294922,
          46.950225830078125,
          47.74769592285156,
          47.5780143737793,
        ],
        "bpp": [
          0.007729468599033816,
          0.015458937198067632,
          0.02318840579710145,
          0.030917874396135265,
        ],
      },
    },
  }
}
