{
  "steps": [
    2000,
    4000,
    6000,
    8000,
    10000,
    12000,
    14000,
    16000,
    18000,
    20000,
    22000,
    24000,
    26000,
    28000,
    30000,
    32000,
    34000,
    36000,
    38000,
    40000,
    42000,
    44000,
    46000,
    48000,
    50000,
    52000,
    54000,
    56000,
    58000,
    60000,
    62000,
    64000,
    66000,
    68000,
    70000,
    72000,
    74000,
    76000,
    78000,
    80000,
    82000,
    84000,
    86000,
    88000,
    90000,
    92000,
    94000,
    96000,
    98000,
    100000,
    102000,
    104000,
    106000,
    108000,
    110000,
    112000,
    114000,
    116000,
    118000,
    120000,
    122000,
    124000,
    126000,
    128000,
    130000,
    132000,
    134000,
    136000,
    138000,
    140000,
    142000,
    144000,
    146000,
    148000,
    150000,
    152000,
    154000,
    156000,
    158000,
    160000,
    162000,
    164000,
    166000,
    168000,
    170000,
    172000,
    174000,
    176000,
    178000,
    180000,
    182000,
    184000,
    186000,
    188000,
    190000,
    192000,
    194000,
    196000,
    198000,
    200000,
    202000,
    204000,
    206000,
    208000,
    210000,
    212000
  ],
  "4": [
    35.990235027514004,
    37.10879456369501,
    37.28098086306923,
    37.41020860170063,
    37.66047427528783,
    37.730309436195775,
    37.92947006225586,
    38.04579408545243,
    38.13118367446096,
    38.138853524860586,
    38.24034324445223,
    38.23804609399093,
    38.07319179334139,
    38.4400096692537,
    38.4980512418245,
    38.52445326353374,
    38.65408295079281,
    38.67766837069863,
    38.78190366845382,
    38.69096284163626,
    38.548944423073216,
    38.80116226798609,
    38.85632635417738,
    38.74065454382645,
    38.91200808474892,
    38.96173833545885,
    38.75964947750694,
    38.93433264682167,
    39.06514504081324,
    38.92109705272474,
    38.99066899952136,
    39.018797171743294,
    38.95588874816895,
    39.19473146137438,
    39.21521909613358,
    38.56509760806435,
    38.86562422702187,
    39.25406450974314,
    38.81773602335077,
    38.561380185579,
    38.65140267422325,
    39.18867151360763,
    39.172320215325605,
    38.95643911863628,
    39.025331798352696,
    39.38621285087184,
    39.33417731837223,
    39.042713366056745,
    39.45883750915527,
    39.49975987484581,
    39.05452703174792,
    39.15542587481047,
    39.51327072946649,
    39.49170062416479,
    39.51664412649054,
    39.48695443805895,
    39.49431966480456,
    39.56103535702354,
    39.54236171120092,
    39.17719268798828,
    39.33909265618576,
    39.63293863597669,
    39.62200350510447,
    39.710103838067305,
    39.233762992055794,
    39.62005926433363,
    39.41977872346577,
    39.77268495057759,
    39.80086226212351,
    39.80224418640137,
    38.71752849378084,
    37.270987159327454,
    39.54495896791157,
    39.81676141839279,
    39.052507400512695,
    39.90837117245323,
    39.91111419075414,
    39.94167031739888,
    36.57459379497328,
    39.87786719673559,
    37.71973348918714,
    39.81481331273129,
    39.84850060312372,
    39.955449305082624,
    39.4348830674824,
    39.79783284036737,
    39.55462510962235,
    39.77308629688464,
    39.72412721734298,
    39.84475396808825,
    39.72465685794228,
    40.02607827437552,
    39.12780691448011,
    39.790448439748666,
    39.560300274899134,
    38.41175375486675,
    39.671403533534,
    40.04611938878109,
    39.33917808532715,
    40.08792350166723,
    39.96117767534758,
    39.53514470552143,
    40.06245984529194,
    39.148888638145046,
    40.01899874837775,
    40.12645952325119
  ],
  "8": [
    37.90728865171734,
    38.45421339336195,
    38.66561422849957,
    38.93434278588546,
    39.1586039693732,
    39.16560514349686,
    39.3366631959614,
    39.458720658954825,
    39.458225300437526,
    39.5319585298237,
    39.52165954991391,
    39.81546823601974,
    39.88152478870592,
    39.99746739236932,
    40.15959237751208,
    40.30534508353785,
    40.475449662459525,
    40.700251378511126,
    40.947293181168405,
    41.19427796414024,
    41.46110725402832,
    41.75157672480533,
    42.03795508334511,
    41.175410672238,
    41.6298784456755,
    42.33570997338546,
    41.64668349215859,
    42.89544185839201,
    43.04476296274286,
    43.25519024698358,
    43.46788044979698,
    43.6398219560322,
    43.79541371998034,
    42.85951162639417,
    44.10748255880255,
    44.21694941269724,
    44.37250202580502,
    44.42634738119025,
    44.51336198104055,
    44.62480208748266,
    44.722527604354056,
    44.81262729042455,
    44.88047082800614,
    44.9602834299991,
    45.05987844969097,
    45.17398794073807,
    45.159360684846575,
    45.274032391999896,
    45.246381659256784,
    45.28933856361791,
    45.40216360594097,
    45.4885711167988,
    45.56140227066843,
    45.56324873472515,
    45.556945951361406,
    45.630001268888776,
    45.70463662398489,
    42.50964089443809,
    45.78481031719007,
    45.8482464238217,
    45.86276561335514,
    45.93479096262079,
    46.025318346525495,
    46.088016409623,
    46.07971106077496,
    46.07567757054379,
    46.17760582974083,
    46.21663264224404,
    46.23994897541247,
    46.28504467010498,
    46.34049254969547,
    46.34519290924072,
    44.1328673111765,
    46.36232727452328,
    46.36075411344829,
    45.00266160463032,
    46.471739869368704,
    46.48225317503277,
    46.5329451811941,
    46.48437866411711,
    46.54890497107255,
    46.58809757232666,
    46.59153195431358,
    46.626616528159694,
    46.13313484191895,
    46.48768319581684,
    46.59823021135832,
    46.69510153720253,
    46.61923463721024,
    46.7476883938438,
    46.74541167209023,
    42.69680981887014,
    46.7212620283428,
    46.74419608869051,
    46.82900945763839,
    46.75549532237806,
    46.92276748858,
    46.91246464377955,
    46.54867352937397,
    46.61928608542994,
    46.92544284619783,
    46.8225800363641,
    47.03367072657535,
    46.756293397200736,
    46.82853176719264,
    46.97642747979416
  ],