{
  "name": "Base",
  "description": "COIN++ without quantization and entropy coding.",
  "results": {
    "3 steps": {
      "psnr": [
        29.056411743164062,
        30.793827056884766,
        32.477996826171875,
        33.94273376464844,
        35.13174057006836,
      ],
      "bpp": [
        0.125,
        0.25,
        0.5,
        1.0,
        2.0,
      ],
    },
    "10 steps": {
      "psnr": [
        29.16835594177246,
        30.90391731262207,
        32.51287841796875,
        34.25737762451172,
        35.32205581665039,
      ],
      "bpp": [
        0.125,
        0.25,
        0.5,
        1.0,
        2.0,
      ],
    },
    }
  }
}
