{
  "name": "+ quantization",
  "description": "COIN++ with quantization and without entropy coding.",
  "results": {
    "10 steps": {
      "5 bits": {
        "psnr": [
          28.631011962890625,
          30.230789184570312,
          31.72295570373535,
          33.520835876464844,
          34.546627044677734,
        ],
        "bpp": [
          0.01953125,
          0.0390625,
          0.078125,
          0.15625,
          0.3125,
        ],
      },
      "6 bits": {
        "psnr": [
          29.039216995239258,
          30.718936920166016,
          32.279380798339844,
          34.04087829589844,
          35.114280700683594,
        ],
        "bpp": [
          0.0234375,
          0.046875,
          0.09375,
          0.1875,
          0.375,
        ],
      },
    },
  }
}
