{
  "name": "+ entropy coding",
  "description": "Full COIN++ with both quantization and entropy coding.",
  "results": {
    "10 steps": {
      "5 bits": {
        "psnr": [
          28.631011962890625,
          30.230789184570312,
          31.72295570373535,
          33.520835876464844,
          34.546627044677734,
        ],
        "bpp": [
          0.016638531807285608,
          0.03362420313763169,
          0.06844711545287092,
          0.13677766799537466,
          0.2750422845687852,
        ],
      },
      "6 bits": {
        "psnr": [
          29.039216995239258,
          30.718936920166016,
          32.279380798339844,
          34.04087829589844,
          35.114280700683594,
        ],
        "bpp": [
          0.020159988787906525,
          0.04150225479691053,
          0.08389047119544794,
          0.16813377663601292,
          0.3383125846116048,
        ],
      },
    },
  }
}
