{
  "name": "+ entropy coding",
  "description": "Full COIN++ with both quantization and entropy coding.",
  "results": {
    "3 steps": {
      "3 bits": {
        "psnr": [
          20.774616241455078,
          21.97789764404297,
          22.96466064453125,
          23.582849502563477,
          24.1668758392334,
          24.310274124145508,
        ],
        "bpp": [
          0.2866779,
          0.5743168,
          0.86099305,
          1.14699048,
          1.72145106,
          2.29349459,
        ],
      },
      "4 bits": {
        "psnr": [
          23.213542938232422,
          25.48052406311035,
          26.985366821289062,
          28.113134384155273,
          29.291954040527344,
          29.729961395263672,
        ],
        "bpp": [
          0.41939939,
          0.8398133,
          1.25899323,
          1.67742057,
          2.51742047,
          3.35399671,
        ],
      },
      "5 bits": {
        "psnr": [
          23.993837356567383,
          26.810405731201172,
          28.682825088500977,
          30.228759765625,
          32.21678161621094,
          33.268314361572266,
        ],
        "bpp": [
          0.54895847,
          1.09897946,
          1.64744219,
          2.19525157,
          3.29414813,
          4.38930613,
        ],
      },
      "6 bits": {
        "psnr": [
          24.201435089111328,
          27.196996688842773,
          29.20929718017578,
          30.936748504638672,
          33.396217346191406,
          34.930484771728516,
        ],
        "bpp": [
          0.67617206,
          1.35339958,
          2.02886084,
          2.70372206,
          4.05685077,
          5.40576281,
        ],
      },
      "7 bits": {
        "psnr": [
          24.252771377563477,
          27.296594619750977,
          29.348215103149414,
          31.131486892700195,
          33.75519943237305,
          35.49354553222656,
        ],
        "bpp": [
          0.80205012,
          1.6051643,
          2.40626155,
          3.20685111,
          4.81151597,
          6.41150703,
        ],
      },
      "8 bits": {
        "psnr": [
          24.265766143798828,
          27.321439743041992,
          29.383502960205078,
          31.18081283569336,
          33.849761962890625,
          35.64967346191406,
        ],
        "bpp": [
          0.92722709,
          1.85552495,
          2.78151488,
          3.7071084,
          5.56187868,
          7.41153593,
        ],
      },
    },
    "10 steps": {
      "3 bits": {
        "psnr": [
          20.730911254882812,
          21.942556381225586,
          22.926071166992188,
          23.55303955078125,
          24.153120040893555,
          24.315202713012695,
        ],
        "bpp": [
          0.28619646,
          0.57397159,
          0.86084523,
          1.14684722,
          1.72160455,
          2.29366692,
        ],
      },
      "4 bits": {
        "psnr": [
          23.343061447143555,
          25.586353302001953,
          27.081825256347656,
          28.198213577270508,
          29.367626190185547,
          29.81085205078125,
        ],
        "bpp": [
          0.41891775,
          0.8394241,
          1.25884413,
          1.67742075,
          2.517583,
          3.3541969,
        ],
      },
      "5 bits": {
        "psnr": [
          24.219789505004883,
          27.033472061157227,
          28.90418243408203,
          30.44879722595215,
          32.421302795410156,
          33.480369567871094,
        ],
        "bpp": [
          0.54847649,
          1.09852955,
          1.64731901,
          2.19520616,
          3.29431839,
          4.3895101,
        ],
      },
      "6 bits": {
        "psnr": [
          24.458494186401367,
          27.46627426147461,
          29.48920249938965,
          31.22854232788086,
          33.691864013671875,
          35.264503479003906,
        ],
        "bpp": [
          0.67569442,
          1.35296877,
          2.0287218,
          2.70367407,
          4.0570685,
          5.40599361,
        ],
      },
      "7 bits": {
        "psnr": [
          24.518518447875977,
          27.5792179107666,
          29.6462459564209,
          31.446884155273438,
          34.086307525634766,
          35.887203216552734,
        ],
        "bpp": [
          0.80157106,
          1.60473537,
          2.40610986,
          3.2067947,
          4.81172183,
          6.41172579,
        ],
      },
      "8 bits": {
        "psnr": [
          24.533493041992188,
          27.607568740844727,
          29.686017990112305,
          31.502826690673828,
          34.19174575805664,
          36.0627326965332,
        ],
        "bpp": [
          0.92675001,
          1.85508502,
          2.78138512,
          3.70704614,
          5.56211293,
          7.41171685,
        ],
      },
    },
    "50 steps": {
      "3 bits": {
        "psnr": [
          20.651968002319336,
          21.88652801513672,
          22.866565704345703,
          23.496986389160156,
          24.116615295410156,
          24.291654586791992,
        ],
        "bpp": [
          0.28634226,
          0.5740295,
          0.8608509,
          1.14699822,
          1.7215883,
          2.29363132,
        ],
      },
      "4 bits": {
        "psnr": [
          23.307106018066406,
          25.55923843383789,
          27.049659729003906,
          28.153554916381836,
          29.342628479003906,
          29.7978572845459,
        ],
        "bpp": [
          0.41904484,
          0.83951603,
          1.25873977,
          1.67748094,
          2.51749632,
          3.35413705,
        ],
      },
      "5 bits": {
        "psnr": [
          24.210256576538086,
          27.033039093017578,
          28.899309158325195,
          30.420392990112305,
          32.4155158996582,
          33.49128341674805,
        ],
        "bpp": [
          0.54856171,
          1.09854916,
          1.64713959,
          2.19523333,
          3.29423429,
          4.38943546,
        ],
      },
      "6 bits": {
        "psnr": [
          24.456987380981445,
          27.476511001586914,
          29.498220443725586,
          31.21094512939453,
          33.700679779052734,
          35.29572296142578,
        ],
        "bpp": [
          0.67573475,
          1.35292663,
          2.02848833,
          2.70357707,
          4.05686986,
          5.40580477,
        ],
      },
      "7 bits": {
        "psnr": [
          24.519311904907227,
          27.592683792114258,
          29.659814834594727,
          31.43236541748047,
          34.101009368896484,
          35.92942810058594,
        ],
        "bpp": [
          0.80157674,
          1.60463975,
          2.40579978,
          3.20663028,
          4.81148914,
          6.41147195,
        ],
      },
      "8 bits": {
        "psnr": [
          24.53485679626465,
          27.62197494506836,
          29.700746536254883,
          31.48918914794922,
          34.208290100097656,
          36.108787536621094,
        ],
        "bpp": [
          0.9267096,
          1.85494571,
          2.78099455,
          3.70678404,
          5.56180852,
          7.41139559,
        ],
      },
    },
  }
}
