{
  "name": "Base",
  "description": "COIN++ without quantization and entropy coding.",
  "results": {
    "3 steps": {
      "psnr": [
        24.384309768676758,
        27.515695571899414,
        29.718524932861328,
        31.73011016845703,
        34.63982391357422,
        36.978515625,
      ],
      "bpp": [
        4.0,
        8.0,
        12.0,
        16.0,
        24.0,
        32.0,
      ],
    },
    "10 steps": {
      "psnr": [
        24.674314498901367,
        27.837900161743164,
        30.079370498657227,
        32.127288818359375,
        35.09810256958008,
        37.592098236083984,
      ],
      "bpp": [
        4.0,
        8.0,
        12.0,
        16.0,
        24.0,
        32.0,
      ],
    },
    "50 steps": {
      "psnr": [
        24.693103790283203,
        27.873580932617188,
        30.123903274536133,
        32.14078140258789,
        35.150291442871094,
        37.688350677490234,
      ],
      "bpp": [
        4.0,
        8.0,
        12.0,
        16.0,
        24.0,
        32.0,
      ],
    }
  }
}
