{
  "name": "+ quantization",
  "description": "COIN++ with quantization and without entropy coding.",
  "results": {
    "3 steps": {
      "3 bits": {
        "psnr": [
          20.774616241455078,
          21.97789764404297,
          22.96466064453125,
          23.582849502563477,
          24.1668758392334,
          24.310274124145508,
        ],
        "bpp": [
          0.375,
          0.75,
          1.125,
          1.5,
          2.25,
          3.0,
        ],
      },
      "4 bits": {
        "psnr": [
          23.213542938232422,
          25.48052406311035,
          26.985366821289062,
          28.113134384155273,
          29.291954040527344,
          29.729961395263672,
        ],
        "bpp": [
          0.5,
          1.0,
          1.5,
          2.0,
          3.0,
          4.0,
        ],
      },
      "5 bits": {
        "psnr": [
          23.993837356567383,
          26.810405731201172,
          28.682825088500977,
          30.228759765625,
          32.21678161621094,
          33.268314361572266,
        ],
        "bpp": [
          0.625,
          1.25,
          1.875,
          2.5,
          3.75,
          5.0,
        ],
      },
      "6 bits": {
        "psnr": [
          24.201435089111328,
          27.196996688842773,
          29.20929718017578,
          30.936748504638672,
          33.396217346191406,
          34.930484771728516,
        ],
        "bpp": [
          0.75,
          1.5,
          2.25,
          3.0,
          4.5,
          6.0,
        ],
      },
      "7 bits": {
        "psnr": [
          24.252771377563477,
          27.296594619750977,
          29.348215103149414,
          31.131486892700195,
          33.75519943237305,
          35.49354553222656,
        ],
        "bpp": [
          0.875,
          1.75,
          2.625,
          3.5,
          5.25,
          7.0,
        ],
      },
      "8 bits": {
        "psnr": [
          24.265766143798828,
          27.321439743041992,
          29.383502960205078,
          31.18081283569336,
          33.849761962890625,
          35.64967346191406,
        ],
        "bpp": [
          1.0,
          2.0,
          3.0,
          4.0,
          6.0,
          8.0,
        ],
      },
    },
    "10 steps": {
      "3 bits": {
        "psnr": [
          20.730911254882812,
          21.942556381225586,
          22.926071166992188,
          23.55303955078125,
          24.153120040893555,
          24.315202713012695,
        ],
        "bpp": [
          0.375,
          0.75,
          1.125,
          1.5,
          2.25,
          3.0,
        ],
      },
      "4 bits": {
        "psnr": [
          23.343061447143555,
          25.586353302001953,
          27.081825256347656,
          28.198213577270508,
          29.367626190185547,
          29.81085205078125,
        ],
        "bpp": [
          0.5,
          1.0,
          1.5,
          2.0,
          3.0,
          4.0,
        ],
      },
      "5 bits": {
        "psnr": [
          24.219789505004883,
          27.033472061157227,
          28.90418243408203,
          30.44879722595215,
          32.421302795410156,
          33.480369567871094,
        ],
        "bpp": [
          0.625,
          1.25,
          1.875,
          2.5,
          3.75,
          5.0,
        ],
      },
      "6 bits": {
        "psnr": [
          24.458494186401367,
          27.46627426147461,
          29.48920249938965,
          31.22854232788086,
          33.691864013671875,
          35.264503479003906,
        ],
        "bpp": [
          0.75,
          1.5,
          2.25,
          3.0,
          4.5,
          6.0,
        ],
      },
      "7 bits": {
        "psnr": [
          24.518518447875977,
          27.5792179107666,
          29.6462459564209,
          31.446884155273438,
          34.086307525634766,
          35.887203216552734,
        ],
        "bpp": [
          0.875,
          1.75,
          2.625,
          3.5,
          5.25,
          7.0,
        ],
      },
      "8 bits": {
        "psnr": [
          24.533493041992188,
          27.607568740844727,
          29.686017990112305,
          31.502826690673828,
          34.19174575805664,
          36.0627326965332,
        ],
        "bpp": [
          1.0,
          2.0,
          3.0,
          4.0,
          6.0,
          8.0,
        ],
      },
    },
    "50 steps": {
      "3 bits": {
        "psnr": [
          20.651968002319336,
          21.88652801513672,
          22.866565704345703,
          23.496986389160156,
          24.116615295410156,
          24.291654586791992,
        ],
        "bpp": [
          0.375,
          0.75,
          1.125,
          1.5,
          2.25,
          3.0,
        ],
      },
      "4 bits": {
        "psnr": [
          23.307106018066406,
          25.55923843383789,
          27.049659729003906,
          28.153554916381836,
          29.342628479003906,
          29.7978572845459,
        ],
        "bpp": [
          0.5,
          1.0,
          1.5,
          2.0,
          3.0,
          4.0,
        ],
      },
      "5 bits": {
        "psnr": [
          24.210256576538086,
          27.033039093017578,
          28.899309158325195,
          30.420392990112305,
          32.4155158996582,
          33.49128341674805,
        ],
        "bpp": [
          0.625,
          1.25,
          1.875,
          2.5,
          3.75,
          5.0,
        ],
      },
      "6 bits": {
        "psnr": [
          24.456987380981445,
          27.476511001586914,
          29.498220443725586,
          31.21094512939453,
          33.700679779052734,
          35.29572296142578,
        ],
        "bpp": [
          0.75,
          1.5,
          2.25,
          3.0,
          4.5,
          6.0,
        ],
      },
      "7 bits": {
        "psnr": [
          24.519311904907227,
          27.592683792114258,
          29.659814834594727,
          31.43236541748047,
          34.101009368896484,
          35.92942810058594,
        ],
        "bpp": [
          0.875,
          1.75,
          2.625,
          3.5,
          5.25,
          7.0,
        ],
      },
      "8 bits": {
        "psnr": [
          24.53485679626465,
          27.62197494506836,
          29.700746536254883,
          31.48918914794922,
          34.208290100097656,
          36.108787536621094,
        ],
        "bpp": [
          1.0,
          2.0,
          3.0,
          4.0,
          6.0,
          8.0,
        ],
      },
    },
  }
}
