{
  "name": "COIN quantization",
  "description": "PSNR after quantizing weights and biases of COIN models (bpp=7.1) on CIFAR10 to various bitwidths.",
  "results": {
    "32": 30.756980895996094,
    "1": 6.446364879608154,
    "2": 7.788791179656982,
    "3": 7.402511119842529,
    "4": 7.999823570251465,
    "5": 10.922186851501465,
    "6": 14.4278564453125,
    "7": 17.578678131103516,
    "8": 20.29386329650879,
    "9": 22.753572463989258,
    "10": 24.97593879699707,
    "11": 26.84885597229004,
    "12": 28.294641494750977,
    "13": 29.308115005493164,
    "14": 29.962671279907227,
    "15": 30.355234146118164,
    "16": 30.566862106323242,
  }
}
