{
    "name": "+ entropy coding",
    "description": "Full COIN++ with both quantization and entropy coding. Note that bpp corresponds to kbps.",
    "results": {
        "3 steps": {
            "5 bits": {
                "psnr": [
                    36.006412506103516,
                    38.604862213134766,
                    41.47911071777344,
                    43.3379020690918,
                    45.77722930908203
                ],
                "bpp": [
                    5.630615459336983,
                    11.240000699712123,
                    22.363470058626994,
                    44.72723082964037,
                    90.1054087836063
                ]
            },
            "6 bits": {
                "psnr": [
                    36.418182373046875,
                    39.34568405151367,
                    42.897789001464844,
                    46.65620803833008,
                    50.87129211425781
                ],
                "bpp": [
                    6.9246498846815445,
                    13.806955716315246,
                    27.481792527914564,
                    55.011059294218626,
                    110.83116236112224
                ]
            },
            "7 bits": {
                "psnr": [
                    48.1185302734375,
                    54.68132019042969
                ],
                "bpp": [
                    65.23163053891498,
                    131.37950656945011
                ]
            }
        }
    }
}