{
    "name": "+ quantization",
    "description": "COIN++ with quantization and without entropy coding. Note that bpp corresponds to kbps.",
    "results": {
        "3 steps": {
            "5 bits": {
                "psnr": [
                    36.006412506103516,
                    38.604862213134766,
                    41.47911071777344,
                    43.3379020690918,
                    45.77722930908203
                ],
                "bpp": [
                    6.4,
                    12.8,
                    25.6,
                    51.2,
                    102.4
                ]
            },
            "6 bits": {
                "psnr": [
                    36.418182373046875,
                    39.34568405151367,
                    42.897789001464844,
                    46.65620803833008,
                    50.87129211425781
                ],
                "bpp": [
                    7.68,
                    15.36,
                    30.72,
                    61.44,
                    122.88
                ]
            },
            "7 bits": {
                "psnr": [
                    48.1185302734375,
                    54.68132019042969
                ],
                "bpp": [
                    71.68,
                    143.36
                ]
            }
        }
    }
}