{
  "name": "+ quantization",
  "description": "COIN++ with quantization and without entropy coding.",
  "results": {
    "3 steps": {
      "5 bits": {
        "psnr": [
          23.68178367614746,
          24.926698684692383,
          26.142541885375977,
          26.981590270996094,
          27.62175750732422,
          28.573232650756836,
        ],
        "bpp": [
          0.078125,
          0.15625,
          0.3125,
          0.46875,
          0.625,
          1.25,
        ],
      },
      "6 bits": {
        "psnr": [
          24.052873611450195,
          25.254270553588867,
          26.40857696533203,
          27.3100643157959,
          27.964967727661133,
          29.068519592285156,
        ],
        "bpp": [
          0.09375,
          0.1875,
          0.375,
          0.5625,
          0.75,
          1.5,
        ],
      },
    },
    "10 steps": {
      "5 bits": {
        "psnr": [
          23.636220932006836,
          24.84587287902832,
          26.07600975036621,
          27.031984329223633,
          27.798105239868164,
          28.66838836669922,
        ],
        "bpp": [
          0.078125,
          0.15625,
          0.3125,
          0.46875,
          0.625,
          1.25,
        ],
      },
      "6 bits": {
        "psnr": [
          24.00904083251953,
          25.17268180847168,
          26.3546199798584,
          27.387548446655273,
          28.178024291992188,
          29.1982479095459,
        ],
        "bpp": [
          0.09375,
          0.1875,
          0.375,
          0.5625,
          0.75,
          1.5,
        ],
      },
    },
  }
}
