{
  "name": "+ entropy coding",
  "description": "Full COIN++ with both quantization and entropy coding.",
  "results": {
    "3 steps": {
      "5 bits": {
        "psnr": [
          23.68178367614746,
          24.926698684692383,
          26.142541885375977,
          26.981590270996094,
          27.62175750732422,
          28.573232650756836,
        ],
        "bpp": [
          0.06656413525342941,
          0.1324574202299118,
          0.2659042477607727,
          0.39815323054790497,
          0.5364747047424316,
          1.0565295219421387,
        ],
      },
      "6 bits": {
        "psnr": [
          24.052873611450195,
          25.254270553588867,
          26.40857696533203,
          27.3100643157959,
          27.964967727661133,
          29.068519592285156,
        ],
        "bpp": [
          0.08248081803321838,
          0.16421441733837128,
          0.32944950461387634,
          0.4935324043035507,
          0.6637662649154663,
          1.3101071119308472,
        ],
      },
    },
    "10 steps": {
      "5 bits": {
        "psnr": [
          23.636220932006836,
          24.84587287902832,
          26.07600975036621,
          27.031984329223633,
          27.798105239868164,
          28.66838836669922,
        ],
        "bpp": [
          0.06656891107559204,
          0.13251280784606934,
          0.2659808397293091,
          0.3982515782117843,
          0.5365909337997437,
          1.057175636291504,
        ],
      },
      "6 bits": {
        "psnr": [
          24.00904083251953,
          25.17268180847168,
          26.3546199798584,
          27.387548446655273,
          28.178024291992188,
          29.1982479095459,
        ],
        "bpp": [
          0.08248614519834518,
          0.16427570581436157,
          0.32952409982681274,
          0.4936198443174362,
          0.6638498902320862,
          1.310734510421753,
        ],
      },
    },
  }
}
