{
  "name": "Base",
  "description": "COIN++ without quantization and entropy coding.",
  "results": {
    "3 steps": {
      "psnr": [
        24.27410888671875,
        25.527877807617188,
        26.993064880371094,
        27.879297256469727,
        28.243080139160156,
        30.641576766967773,
      ],
      "bpp": [
        0.5,
        1.0,
        2.0,
        3.0,
        4.0,
        8.0,
      ],
    },
    "10 steps": {
      "psnr": [
        24.22355842590332,
        25.436994552612305,
        26.933950424194336,
        27.976869583129883,
        28.48150634765625,
        30.824094772338867,
      ],
      "bpp": [
        0.5,
        1.0,
        2.0,
        3.0,
        4.0,
        8.0,
      ],
    },
    }
  }
}
